,Session duration (minutes),Charging duration (minutes),Session idle (minutes),kWh delivered,MAX kW,AVG kW,User,Vehicle,Cost to site,Cost to driver
count,19883.0,19922.0,19883.0,18006.0,19922.0,19922.0,16721.0,16035.0,15258.0,15257.0
mean,93.10732585625911,26.133876116855735,66.92214404264949,18.7037780184383,30.587933591004916,20.485755094869994,101959.93869983853,69666.7837231057,3.2102000917551448,3.0882476240414243
std,1516.0361378006758,31.011737554117943,1516.5410354826815,19.947959206200533,30.92323344636705,22.33035255516265,68478.46462579531,1121923.4324337197,6.8720124353774965,6.877567228237371
min,0.0,0.0,0.0,0.0,0.0,0.0,180.0,30979.0,0.0,0.0
25%,2.35,0.0,1.33,0.0,0.0,0.0,28612.0,42191.0,0.0,0.0
50%,25.25,16.435000000000002,1.9,14.008,32.724999999999994,16.441,103359.0,43954.0,2.5555000000000003,2.386
75%,54.365,45.0,3.4,33.3675,53.77,37.761,168059.0,45755.0,5.2,5.06
max,117681.1,347.88,117681.1,119.16,517.17,98.995,233907.0,99999999.0,634.279,634.279
