,Session duration (minutes),Charging duration (minutes),Session idle (minutes),kWh delivered,MAX kW,AVG kW,Cost to site,Cost to driver
count,19922.0,19922.0,19922.0,19922.0,19922.0,19922.0,19922.0,19922.0
mean,94.5110707979093,26.133876116855735,68.13619734148674,18.002253705735672,30.587933591004916,20.485755094869994,7.226822662712235,2.9973810974425277
std,1514.8830438576192,31.011737554117943,1515.3037991235908,19.085969891642254,30.92323344636705,22.33035255516265,9.43131806001682,6.020900353538044
min,0.0,0.0,0.0,0.0,0.0,0.0,0.0,0.0
25%,2.35,0.0,1.33,0.0,0.0,0.0,0.473,0.07325
50%,25.37,16.435000000000002,1.9,11.409536182497988,32.724999999999994,16.441,4.0995,2.700199833494113
75%,54.6275,45.0,3.43,30.9775,53.77,37.761,9.651499999999999,4.1595
max,117681.1,347.88,117681.1,119.16,517.17,98.995,634.279,634.279
