,10-digit session UID,Session duration (minutes),Charging duration (minutes),Session idle (minutes),kWh delivered,MAX kW,AVG kW,Cost to site,Cost to driver
count,10779.0,10754.0,10779.0,10754.0,10209.0,10779.0,10779.0,9345.0,9345.0
mean,203030085.28369978,136.95021480379393,98.94513869561183,37.77502882648317,8.341005681261631,3.9207086000556632,3.116376565544113,2.757432958801498,2.7436254681647942
std,171969987.63998225,170.00997269926498,101.87164703265906,136.86159306573353,9.4755406301958,2.9043081088897873,2.6955926161577315,7.5777067249786425,7.6017303315437585
min,9553001.0,0.0,0.0,0.0,0.0,0.0,0.0,0.0,0.0
25%,17594451.5,22.3975,0.63,0.66,0.064,1.6265,0.076,0.183,0.164
50%,197538024.0,109.05,73.75,1.77,5.779,3.4,2.897,1.197,1.182
75%,386137969.0,212.79250000000002,177.265,29.5,12.142,6.630000000000001,5.8134999999999994,2.55,2.51
max,458566700.0,6936.88,786.5,6936.88,72.295,8.434,8.119,285.112,285.112
