,10-digit session UID,Session duration (minutes),Charging duration (minutes),Session idle (minutes),kWh delivered,MAX kW,AVG kW,Cost to site,Cost to driver
count,40002.0,39949.0,40002.0,39949.0,38669.0,39999.0,39999.0,35613.0,35217.0
mean,248488760.8161842,1098.9730746702046,159.23534398280088,939.5265188114848,8.945442473299025,4.089472761819045,2.130972974324358,26.86855448852947,1.7599026038560923
std,165526731.51088196,3681.9988641808472,284.61074457473796,3609.9807045148577,11.123704589129794,2.752889711655979,2.3672274841243626,145.75539696074918,38.98441917064886
min,952832.0,0.0,0.0,0.0,0.0,0.0,0.0,0.0,0.0
25%,47684138.5,44.07,0.82,0.87,0.026,1.598,0.025,0.1,0.0
50%,312966345.5,187.98,96.5,10.65,5.465,5.681,1.183,1.138,0.0
75%,399322784.75,882.28,229.875,402.04,12.656,6.468,3.642,3.13,1.387
max,458584741.0,157077.68,36979.58,156307.22,89.274,8.434,8.119,7624.175,6130.605
